metric,value
S,-9.0
VAR_S,125.0
Z,-0.7155417527999327
p_value,0.4742743507673297
Sen_slope,-1619.888888888889
intercept,3362152.277777778
n,10.0
