fire_category,冬,夏,春,秋
Agricultural,0.0,2.9650812763395544,1.5201685731487056,95.51475015051174
Other,13.531405125855011,25.859306611482964,35.59581754290491,25.013470719757112
