county_name,sen_slope,mk_trend,mk_p
宝清县,-40.0,no-trend,0.3710933695226979
集贤县,-29.75,no-trend,0.2831308706623467
富锦市,-27.375,no-trend,0.3710933695226979
嫩江市,-24.0,no-trend,0.1524062839567492
友谊县,-23.6,no-trend,0.0892416459942033
甘南县,-21.166666666666668,decreasing,0.0200446686226274
萝北县,-19.0,no-trend,0.2449287782360305
双城区,-17.2,no-trend,0.3710933695226979
肇东市,-16.8,no-trend,0.2831308706623467
虎林市,-14.875,no-trend,0.3710933695226979
